b_assay_id,e_assay_id,b_description,e_description,b_target_id,b_target_name,e_target_id,e_target_name,e_target_type,e_confidence_score,e_target_class,e_target_tax_id,e_cell_name,e_assay_cell_type,b_bao_format,e_bao_format,b_endpoint,e_endpoint,shared_parent_compounds,shared_murcko_scaffolds
CHEMBL3824709,CHEMBL3824713,Inhibition of human ALK using poly[Glu:Tyr] (4:1) as substrate and [gamma-33P]ATP measured after 1 hr,Antiproliferative activity against human ALK-negative U937 cells assessed as reduction in cell viability measured after 72 hrs by CellTiter 96 aqueous one solution cell proliferation assay,CHEMBL4247,ALK tyrosine kinase receptor,CHEMBL3879801,NON-PROTEIN TARGET,NON-MOLECULAR,1,phenotypic target,,U-937,U-937,BAO_0000357,BAO_0000219,exact IC50 (nM),exact IC50 (nM),37,20
CHEMBL4142784,CHEMBL4142800,Inhibition of recombinant human GST-tagged ALK expressed in baculovirus expression system by Z'LYTE assay,Antiproliferative activity against human HCC78 cells after 48 hrs by MTT assay,CHEMBL4247,ALK tyrosine kinase receptor,CHEMBL4296421,HCC78,CELL-LINE,1,phenotypic target,9606,HCC78,HCC78,BAO_0000019,BAO_0000219,exact IC50 (nM),exact IC50 (nM),25,10
CHEMBL4354245,CHEMBL4354248,Inhibition of recombinant human N-terminal GST-tagged ALK (catalytic domain 1058 - 1620 residues) expressed in baculovirus system assessed as decrease in substrate phosphorylation using TK peptide as substrate preincubated with enzyme for 30 mins followed by substrate addition by HTRF method,Antiproliferative activity against human A549 cells assessed as reduction in cell viability incubated for 72 hrs by MTT assay,CHEMBL4247,ALK tyrosine kinase receptor,CHEMBL392,A549,CELL-LINE,1,phenotypic target,9606,A549,A549,BAO_0000019,BAO_0000219,exact IC50 (nM),exact IC50 (nM),12,6
CHEMBL4354245,CHEMBL4354250,Inhibition of recombinant human N-terminal GST-tagged ALK (catalytic domain 1058 - 1620 residues) expressed in baculovirus system assessed as decrease in substrate phosphorylation using TK peptide as substrate preincubated with enzyme for 30 mins followed by substrate addition by HTRF method,Antiproliferative activity against ROS1-addicted human HCC78 cells assessed as reduction in cell viability incubated for 72 hrs by MTT assay,CHEMBL4247,ALK tyrosine kinase receptor,CHEMBL4296421,HCC78,CELL-LINE,1,phenotypic target,9606,HCC78,HCC78,BAO_0000019,BAO_0000219,exact IC50 (nM),exact IC50 (nM),12,6
CHEMBL4400312,CHEMBL4400316,Inhibition of recombinant human N-terminal GST-tagged ALK (1058 to 1620 residues) cytoplasmic domain L1196M mutant expressed in baculovirus expression system using srctide as substrate incubated for 1 hr by mobility shift assay,Antiproliferative activity against human HCC78 cells assessed as reduction in cell viability incubated for 72 hrs by MTT assay,CHEMBL4247,ALK tyrosine kinase receptor,CHEMBL4296421,HCC78,CELL-LINE,1,phenotypic target,9606,HCC78,HCC78,BAO_0000019,BAO_0000219,exact IC50 (nM),exact IC50 (nM),8,8
CHEMBL4400312,CHEMBL4400317,Inhibition of recombinant human N-terminal GST-tagged ALK (1058 to 1620 residues) cytoplasmic domain L1196M mutant expressed in baculovirus expression system using srctide as substrate incubated for 1 hr by mobility shift assay,Antiproliferative activity against human A549 cells harbouring EGFR G1202R mutant assessed as reduction in cell viability incubated for 72 hrs by MTT assay,CHEMBL4247,ALK tyrosine kinase receptor,CHEMBL392,A549,CELL-LINE,1,phenotypic target,9606,A549,A549,BAO_0000019,BAO_0000219,exact IC50 (nM),exact IC50 (nM),8,8
CHEMBL4400313,CHEMBL4400316,Inhibition of recombinant human N-terminal GST-tagged ALK (1058 to 1620 residues) cytoplasmic domain expressed in baculovirus expression system using srctide as substrate incubated for 1 hr by mobility shift assay,Antiproliferative activity against human HCC78 cells assessed as reduction in cell viability incubated for 72 hrs by MTT assay,CHEMBL4247,ALK tyrosine kinase receptor,CHEMBL4296421,HCC78,CELL-LINE,1,phenotypic target,9606,HCC78,HCC78,BAO_0000019,BAO_0000219,exact IC50 (nM),exact IC50 (nM),8,8
CHEMBL4400313,CHEMBL4400317,Inhibition of recombinant human N-terminal GST-tagged ALK (1058 to 1620 residues) cytoplasmic domain expressed in baculovirus expression system using srctide as substrate incubated for 1 hr by mobility shift assay,Antiproliferative activity against human A549 cells harbouring EGFR G1202R mutant assessed as reduction in cell viability incubated for 72 hrs by MTT assay,CHEMBL4247,ALK tyrosine kinase receptor,CHEMBL392,A549,CELL-LINE,1,phenotypic target,9606,A549,A549,BAO_0000019,BAO_0000219,exact IC50 (nM),exact IC50 (nM),8,8
CHEMBL4716834,CHEMBL4716832,Inhibition of ALK (unknown origin),Inhibition of Tel fused InsR (unknown origin) expressed in mouse BaF3 cells assessed as reduction in cell proliferation incubated for 2 to 3 days by Bright-Glo luciferase assay,CHEMBL4247,ALK tyrosine kinase receptor,CHEMBL1981,Insulin receptor,SINGLE PROTEIN,9,other kinase,9606,,BaF3,BAO_0000357,BAO_0000219,exact IC50 (nM),exact IC50 (nM),8,7
CHEMBL4716834,CHEMBL4716833,Inhibition of ALK (unknown origin),Antiproliferative activity against wild type mouse BaF3 cells assessed as reduction in cell growth incubated for 2 to 3 days by Bright-Glo luciferase assay,CHEMBL4247,ALK tyrosine kinase receptor,CHEMBL614524,BaF3,CELL-LINE,1,phenotypic target,10090,BaF3,BaF3,BAO_0000357,BAO_0000219,exact IC50 (nM),exact IC50 (nM),8,7
CHEMBL3364272,CHEMBL3364275,Inhibition of ALK (unknown origin) after 60 mins by ELISA,Antiproliferative activity against human A549 cells after 72 hrs by MTT assay,CHEMBL4247,ALK tyrosine kinase receptor,CHEMBL392,A549,CELL-LINE,1,phenotypic target,9606,A549,A549,BAO_0000357,BAO_0000219,exact IC50 (nM),exact IC50 (nM),8,5
CHEMBL4136448,CHEMBL4136443,Inhibition of recombinant human N-terminal GST-tagged ALK cytoplasmic domain (1058 to 1620 residues) expressed in baculovirus expression system using peptide substrate after 1 hr by mobility shift assay,Antiproliferative activity against human HCC78 cells harboring SLC34A2-ROS1 after 72 hrs by MTT assay,CHEMBL4247,ALK tyrosine kinase receptor,CHEMBL4296421,HCC78,CELL-LINE,1,phenotypic target,9606,HCC78,HCC78,BAO_0000019,BAO_0000219,exact IC50 (nM),exact IC50 (nM),8,4
CHEMBL4348491,CHEMBL4348487,Inhibition of N-terminal GST-tagged human ALK L1196M mutant cytoplasmic domain (1058 to 1620 residues) expressed in baculovirus expression system using srctide as substrate incubated for 1 hr by mobility shift assay,Cytotoxicity against human HCC78 cells incubated for 72 hrs by MTT assay,CHEMBL4247,ALK tyrosine kinase receptor,CHEMBL4296421,HCC78,CELL-LINE,1,phenotypic target,9606,HCC78,HCC78,BAO_0000019,BAO_0000219,exact IC50 (nM),exact IC50 (nM),8,4
CHEMBL4400323,CHEMBL4400316,Inhibition of recombinant human N-terminal GST-tagged ALK (1058 to 1620 residues) cytoplasmic domain G1202R mutant using srctide as substrate incubated for 1 hr by mobility shift assay,Antiproliferative activity against human HCC78 cells assessed as reduction in cell viability incubated for 72 hrs by MTT assay,CHEMBL4247,ALK tyrosine kinase receptor,CHEMBL4296421,HCC78,CELL-LINE,1,phenotypic target,9606,HCC78,HCC78,BAO_0000357,BAO_0000219,exact IC50 (nM),exact IC50 (nM),7,7
CHEMBL4400323,CHEMBL4400317,Inhibition of recombinant human N-terminal GST-tagged ALK (1058 to 1620 residues) cytoplasmic domain G1202R mutant using srctide as substrate incubated for 1 hr by mobility shift assay,Antiproliferative activity against human A549 cells harbouring EGFR G1202R mutant assessed as reduction in cell viability incubated for 72 hrs by MTT assay,CHEMBL4247,ALK tyrosine kinase receptor,CHEMBL392,A549,CELL-LINE,1,phenotypic target,9606,A549,A549,BAO_0000357,BAO_0000219,exact IC50 (nM),exact IC50 (nM),7,7
CHEMBL4400312,CHEMBL4400319,Inhibition of recombinant human N-terminal GST-tagged ALK (1058 to 1620 residues) cytoplasmic domain L1196M mutant expressed in baculovirus expression system using srctide as substrate incubated for 1 hr by mobility shift assay,Antiproliferative activity against human HT-29 cells assessed as reduction in cell viability incubated for 72 hrs by MTT assay,CHEMBL4247,ALK tyrosine kinase receptor,CHEMBL384,HT-29,CELL-LINE,1,phenotypic target,9606,HT-29,HT-29,BAO_0000019,BAO_0000219,exact IC50 (nM),exact IC50 (nM),6,6
CHEMBL4400313,CHEMBL4400319,Inhibition of recombinant human N-terminal GST-tagged ALK (1058 to 1620 residues) cytoplasmic domain expressed in baculovirus expression system using srctide as substrate incubated for 1 hr by mobility shift assay,Antiproliferative activity against human HT-29 cells assessed as reduction in cell viability incubated for 72 hrs by MTT assay,CHEMBL4247,ALK tyrosine kinase receptor,CHEMBL384,HT-29,CELL-LINE,1,phenotypic target,9606,HT-29,HT-29,BAO_0000019,BAO_0000219,exact IC50 (nM),exact IC50 (nM),6,6
CHEMBL3705231,CHEMBL3705230,"HTRF Kinase Assay: HTRF kinase assay: 40 μL reactions were run in black 384 well polystyrene plates in assay buffer (50 mM Tris, pH 7.8, 100 mM NaCI, 0.1 mg/mL BSA, 5 mM DTT), containing 0.5 μM Biotinylated peptide substrate, 10 mM MgCl2, 90 μM ATP, and 0.25 nM enzyme for 2 hours at 25° C. Reactions were stopped by addition of 20 μL assay buffer supplemented with an additional 50 mM NaCl, 0.4 mg/mL BSA, 45 mM EDTA, 4.5 nM LANCE Eu-W1024 labeled anti-phosphotyrosine antibody and 200 nM streptavidin conjugated SureLight-allophycocyanin. Plates were read in Fusion α-FP instrument (Perkin-Elmer).","In Vitro Kinase Assay: One or more compounds herein were tested for inhibitory activity of JAK targets according to the following in vitro assay described in Park et al., Analytical Biochemistry 1999, 269, 94-104. The catalytic domains of human JAK1 (a.a. 837-1142), JAK2 (a.a. 828-1132) and JAK3 (a.a. 781-1124) with an N-terminal His tag were expressed using baculovirus in insect cells and purified. The catalytic activity of JAK1, JAK2 or JAK3 was assayed by measuring the phosphorylation of a biotinylated peptide. The phosphorylated peptide was detected by homogenous time resolved fluorescence (HTRF). IC50s of compounds were measured for each kinase in the reactions that contain the enzyme, ATP and 500 nM peptide in 50 mM Tris (pH 7.8) buffer with 100 mM NaCl, 5 mM DTT, and 0.1 mg/mL (0.01%) BSA. The ATP concentration in the reactions was 90 uM for JAK1, 30 uM for JAK2 and 3 uM for JAK3. Reactions were carried out at room temperature for 1 hr and then stopped with 20 uL 45 mM EDTA.",CHEMBL4247,ALK tyrosine kinase receptor,CHEMBL2835,Tyrosine-protein kinase JAK1,SINGLE PROTEIN,9,other kinase,9606,,,BAO_0000357,BAO_0000219,exact IC50 (nM),exact IC50 (nM),6,4
CHEMBL3705231,CHEMBL3707616,"HTRF Kinase Assay: HTRF kinase assay: 40 μL reactions were run in black 384 well polystyrene plates in assay buffer (50 mM Tris, pH 7.8, 100 mM NaCI, 0.1 mg/mL BSA, 5 mM DTT), containing 0.5 μM Biotinylated peptide substrate, 10 mM MgCl2, 90 μM ATP, and 0.25 nM enzyme for 2 hours at 25° C. Reactions were stopped by addition of 20 μL assay buffer supplemented with an additional 50 mM NaCl, 0.4 mg/mL BSA, 45 mM EDTA, 4.5 nM LANCE Eu-W1024 labeled anti-phosphotyrosine antibody and 200 nM streptavidin conjugated SureLight-allophycocyanin. Plates were read in Fusion α-FP instrument (Perkin-Elmer).","In Vitro Kinase Assay: One or more compounds herein were tested for inhibitory activity of JAK targets according to the following in vitro assay described in Park et al., Analytical Biochemistry 1999, 269, 94-104. The catalytic domains of human JAK1 (a.a. 837-1142), JAK2 (a.a. 828-1132) and JAK3 (a.a. 781-1124) with an N-terminal His tag were expressed using baculovirus in insect cells and purified. The catalytic activity of JAK1, JAK2 or JAK3 was assayed by measuring the phosphorylation of a biotinylated peptide. The phosphorylated peptide was detected by homogenous time resolved fluorescence (HTRF). IC50s of compounds were measured for each kinase in the reactions that contain the enzyme, ATP and 500 nM peptide in 50 mM Tris (pH 7.8) buffer with 100 mM NaCl, 5 mM DTT, and 0.1 mg/mL (0.01%) BSA. The ATP concentration in the reactions was 90 uM for JAK1, 30 uM for JAK2 and 3 uM for JAK3. Reactions were carried out at room temperature for 1 hr and then stopped with 20 uL 45 mM EDTA.",CHEMBL4247,ALK tyrosine kinase receptor,CHEMBL2148,Tyrosine-protein kinase JAK3,SINGLE PROTEIN,9,other kinase,9606,,,BAO_0000357,BAO_0000219,exact IC50 (nM),exact IC50 (nM),6,4
CHEMBL3705231,CHEMBL3707544,"HTRF Kinase Assay: HTRF kinase assay: 40 μL reactions were run in black 384 well polystyrene plates in assay buffer (50 mM Tris, pH 7.8, 100 mM NaCI, 0.1 mg/mL BSA, 5 mM DTT), containing 0.5 μM Biotinylated peptide substrate, 10 mM MgCl2, 90 μM ATP, and 0.25 nM enzyme for 2 hours at 25° C. Reactions were stopped by addition of 20 μL assay buffer supplemented with an additional 50 mM NaCl, 0.4 mg/mL BSA, 45 mM EDTA, 4.5 nM LANCE Eu-W1024 labeled anti-phosphotyrosine antibody and 200 nM streptavidin conjugated SureLight-allophycocyanin. Plates were read in Fusion α-FP instrument (Perkin-Elmer).","In Vitro Kinase Assay: One or more compounds herein were tested for inhibitory activity of JAK targets according to the following in vitro assay described in Park et al., Analytical Biochemistry 1999, 269, 94-104. The catalytic domains of human JAK1 (a.a. 837-1142), JAK2 (a.a. 828-1132) and JAK3 (a.a. 781-1124) with an N-terminal His tag were expressed using baculovirus in insect cells and purified. The catalytic activity of JAK1, JAK2 or JAK3 was assayed by measuring the phosphorylation of a biotinylated peptide. The phosphorylated peptide was detected by homogenous time resolved fluorescence (HTRF). IC50s of compounds were measured for each kinase in the reactions that contain the enzyme, ATP and 500 nM peptide in 50 mM Tris (pH 7.8) buffer with 100 mM NaCl, 5 mM DTT, and 0.1 mg/mL (0.01%) BSA. The ATP concentration in the reactions was 90 uM for JAK1, 30 uM for JAK2 and 3 uM for JAK3. Reactions were carried out at room temperature for 1 hr and then stopped with 20 uL 45 mM EDTA.",CHEMBL4247,ALK tyrosine kinase receptor,CHEMBL2971,Tyrosine-protein kinase JAK2,SINGLE PROTEIN,9,other kinase,9606,,,BAO_0000357,BAO_0000219,exact IC50 (nM),exact IC50 (nM),6,4
