pair_code,compound_alias,parent_compound_id
P001,C001,CHEMBL3397300
P001,C002,CHEMBL3545311
P001,C003,CHEMBL3822524
P001,C004,CHEMBL3822557
P001,C005,CHEMBL3822611
P001,C006,CHEMBL3822645
P001,C007,CHEMBL3822973
P001,C008,CHEMBL3822982
P001,C009,CHEMBL3823017
P001,C010,CHEMBL3823031
P001,C011,CHEMBL3823078
P001,C012,CHEMBL3823107
P001,C013,CHEMBL3823165
P001,C014,CHEMBL3823190
P001,C015,CHEMBL3823198
P001,C016,CHEMBL3823218
P001,C017,CHEMBL3823224
P001,C018,CHEMBL3823235
P001,C019,CHEMBL3823243
P001,C020,CHEMBL3823256
P001,C021,CHEMBL3823268
P001,C022,CHEMBL3823296
P001,C023,CHEMBL3823416
P001,C024,CHEMBL3823549
P001,C025,CHEMBL3823577
P001,C026,CHEMBL3823603
P001,C027,CHEMBL3823872
P001,C028,CHEMBL3823916
P001,C029,CHEMBL3824007
P001,C030,CHEMBL3824130
P001,C031,CHEMBL3824290
P001,C032,CHEMBL3824304
P001,C033,CHEMBL3824308
P001,C034,CHEMBL3824318
P001,C035,CHEMBL3824326
P001,C036,CHEMBL3824327
P001,C037,CHEMBL601719
P002,C001,CHEMBL4159094
P002,C002,CHEMBL4160169
P002,C003,CHEMBL4160182
P002,C004,CHEMBL4161643
P002,C005,CHEMBL4162098
P002,C006,CHEMBL4162738
P002,C007,CHEMBL4163543
P002,C008,CHEMBL4165058
P002,C009,CHEMBL4165486
P002,C010,CHEMBL4165540
P002,C011,CHEMBL4166182
P002,C012,CHEMBL4166604
P002,C013,CHEMBL4168623
P002,C014,CHEMBL4168903
P002,C015,CHEMBL4170026
P002,C016,CHEMBL4170674
P002,C017,CHEMBL4170816
P002,C018,CHEMBL4171478
P002,C019,CHEMBL4172265
P002,C020,CHEMBL4173409
P002,C021,CHEMBL4173466
P002,C022,CHEMBL4174239
P002,C023,CHEMBL4175678
P002,C024,CHEMBL4176767
P002,C025,CHEMBL4177227
P003,C001,CHEMBL4441874
P003,C002,CHEMBL4453984
P003,C003,CHEMBL4455502
P003,C004,CHEMBL4459183
P003,C005,CHEMBL4459365
P003,C006,CHEMBL4470301
P003,C007,CHEMBL4470581
P003,C008,CHEMBL4476002
P003,C009,CHEMBL4518092
P003,C010,CHEMBL4518526
P003,C011,CHEMBL4523063
P003,C012,CHEMBL4574554
P004,C001,CHEMBL4441874
P004,C002,CHEMBL4453984
P004,C003,CHEMBL4455502
P004,C004,CHEMBL4459183
P004,C005,CHEMBL4459365
P004,C006,CHEMBL4470301
P004,C007,CHEMBL4470581
P004,C008,CHEMBL4476002
P004,C009,CHEMBL4518092
P004,C010,CHEMBL4518526
P004,C011,CHEMBL4523063
P004,C012,CHEMBL4574554
P005,C001,CHEMBL2403108
P005,C002,CHEMBL4448400
P005,C003,CHEMBL4462528
P005,C004,CHEMBL4468370
P005,C005,CHEMBL4471142
P005,C006,CHEMBL4536955
P005,C007,CHEMBL4546844
P005,C008,CHEMBL4562805
P006,C001,CHEMBL2403108
P006,C002,CHEMBL4448400
P006,C003,CHEMBL4462528
P006,C004,CHEMBL4468370
P006,C005,CHEMBL4471142
P006,C006,CHEMBL4536955
P006,C007,CHEMBL4546844
P006,C008,CHEMBL4562805
P007,C001,CHEMBL2403108
P007,C002,CHEMBL4448400
P007,C003,CHEMBL4462528
P007,C004,CHEMBL4468370
P007,C005,CHEMBL4471142
P007,C006,CHEMBL4536955
P007,C007,CHEMBL4546844
P007,C008,CHEMBL4562805
P008,C001,CHEMBL2403108
P008,C002,CHEMBL4448400
P008,C003,CHEMBL4462528
P008,C004,CHEMBL4468370
P008,C005,CHEMBL4471142
P008,C006,CHEMBL4536955
P008,C007,CHEMBL4546844
P008,C008,CHEMBL4562805
P009,C001,CHEMBL3651854
P009,C002,CHEMBL3734798
P009,C003,CHEMBL4739938
P009,C004,CHEMBL4762256
P009,C005,CHEMBL4762861
P009,C006,CHEMBL4762929
P009,C007,CHEMBL4780490
P009,C008,CHEMBL4795530
P010,C001,CHEMBL3651854
P010,C002,CHEMBL3734798
P010,C003,CHEMBL4739938
P010,C004,CHEMBL4762256
P010,C005,CHEMBL4762861
P010,C006,CHEMBL4762929
P010,C007,CHEMBL4780490
P010,C008,CHEMBL4795530
P011,C001,CHEMBL3357439
P011,C002,CHEMBL3357444
P011,C003,CHEMBL3357449
P011,C004,CHEMBL3357452
P011,C005,CHEMBL3357456
P011,C006,CHEMBL3357458
P011,C007,CHEMBL3357462
P011,C008,CHEMBL3357463
P012,C001,CHEMBL4159161
P012,C002,CHEMBL4160581
P012,C003,CHEMBL4163707
P012,C004,CHEMBL4166038
P012,C005,CHEMBL4166436
P012,C006,CHEMBL4167072
P012,C007,CHEMBL4168473
P012,C008,CHEMBL4174347
P013,C001,CHEMBL4447747
P013,C002,CHEMBL4464571
P013,C003,CHEMBL4465558
P013,C004,CHEMBL4466920
P013,C005,CHEMBL4470529
P013,C006,CHEMBL4519408
P013,C007,CHEMBL4573193
P013,C008,CHEMBL601719
P014,C001,CHEMBL4448400
P014,C002,CHEMBL4462528
P014,C003,CHEMBL4468370
P014,C004,CHEMBL4471142
P014,C005,CHEMBL4536955
P014,C006,CHEMBL4546844
P014,C007,CHEMBL4562805
P015,C001,CHEMBL4448400
P015,C002,CHEMBL4462528
P015,C003,CHEMBL4468370
P015,C004,CHEMBL4471142
P015,C005,CHEMBL4536955
P015,C006,CHEMBL4546844
P015,C007,CHEMBL4562805
P016,C001,CHEMBL2403108
P016,C002,CHEMBL4448400
P016,C003,CHEMBL4462528
P016,C004,CHEMBL4468370
P016,C005,CHEMBL4471142
P016,C006,CHEMBL4536955
P017,C001,CHEMBL2403108
P017,C002,CHEMBL4448400
P017,C003,CHEMBL4462528
P017,C004,CHEMBL4468370
P017,C005,CHEMBL4471142
P017,C006,CHEMBL4536955
P018,C001,CHEMBL3694578
P018,C002,CHEMBL3694581
P018,C003,CHEMBL3694583
P018,C004,CHEMBL3694585
P018,C005,CHEMBL3694590
P018,C006,CHEMBL3694592
P019,C001,CHEMBL3694578
P019,C002,CHEMBL3694581
P019,C003,CHEMBL3694583
P019,C004,CHEMBL3694585
P019,C005,CHEMBL3694590
P019,C006,CHEMBL3694592
P020,C001,CHEMBL3694578
P020,C002,CHEMBL3694581
P020,C003,CHEMBL3694583
P020,C004,CHEMBL3694585
P020,C005,CHEMBL3694590
P020,C006,CHEMBL3694592
